path,slug,title,date,expiryDate,publishDate,draft,permalink,kind,section
content/en/_index.md,," Best Global Travel eSIM ",2026-03-29T00:00:00Z,0001-01-01T00:00:00Z,2026-03-29T00:00:00Z,false,https://www.roamiapp.com/,home,
content/en/Algeria-eSIM.md,,Algeria eSIM Data Plan | Best 2026 Travel eSIM | Roami,2026-03-29T00:00:00Z,0001-01-01T00:00:00Z,2026-03-29T00:00:00Z,false,https://www.roamiapp.com/algeria-esim/,page,
content/en/Argentina-eSIM.md,,Argentina eSIM Data Plan | Best 2026 Travel eSIM | Roami,2026-03-29T00:00:00Z,0001-01-01T00:00:00Z,2026-03-29T00:00:00Z,false,https://www.roamiapp.com/argentina-esim/,page,
content/en/Asia-eSIM.md,,Asia eSIM Data Plan | Best 2026 Travel eSIM | Roami,2026-03-29T00:00:00Z,0001-01-01T00:00:00Z,2026-03-29T00:00:00Z,false,https://www.roamiapp.com/asia-esim/,page,
content/en/Australia-eSIM.md,,Australia eSIM Data Plan | Best 2026 Travel eSIM | Roami,2026-03-29T00:00:00Z,0001-01-01T00:00:00Z,2026-03-29T00:00:00Z,false,https://www.roamiapp.com/australia-esim/,page,
content/en/Azerbaijan-eSIM.md,,Azerbaijan eSIM Data Plan | Best 2026 Travel eSIM | Roami,2026-03-29T00:00:00Z,0001-01-01T00:00:00Z,2026-03-29T00:00:00Z,false,https://www.roamiapp.com/azerbaijan-esim/,page,
content/en/Belgium-eSIM.md,,Belgium eSIM Data Plan | Best 2026 Travel eSIM | Roami,2026-03-29T00:00:00Z,0001-01-01T00:00:00Z,2026-03-29T00:00:00Z,false,https://www.roamiapp.com/belgium-esim/,page,
content/en/Bolivia-eSIM.md,,Bolivia eSIM Data Plan | Best 2026 Travel eSIM | Roami,2026-03-29T00:00:00Z,0001-01-01T00:00:00Z,2026-03-29T00:00:00Z,false,https://www.roamiapp.com/bolivia-esim/,page,
content/en/Brazil-eSIM.md,,Brazil eSIM Data Plan | Best 2026 Travel eSIM | Roami,2026-03-29T00:00:00Z,0001-01-01T00:00:00Z,2026-03-29T00:00:00Z,false,https://www.roamiapp.com/brazil-esim/,page,
content/en/Canada-eSIM.md,,Canada eSIM Data Plan | Best 2026 Travel eSIM | Roami,2026-03-29T00:00:00Z,0001-01-01T00:00:00Z,2026-03-29T00:00:00Z,false,https://www.roamiapp.com/canada-esim/,page,
content/en/Chile-eSIM.md,,Chile eSIM Data Plan | Best 2026 Travel eSIM | Roami,2026-03-29T00:00:00Z,0001-01-01T00:00:00Z,2026-03-29T00:00:00Z,false,https://www.roamiapp.com/chile-esim/,page,
content/en/China-eSIM.md,,China eSIM Data Plan | Best 2026 Travel eSIM | Roami,2026-03-29T00:00:00Z,0001-01-01T00:00:00Z,2026-03-29T00:00:00Z,false,https://www.roamiapp.com/china-esim/,page,
content/en/Colombia-eSIM.md,,Colombia eSIM Data Plan | Best 2026 Travel eSIM | Roami,2026-03-29T00:00:00Z,0001-01-01T00:00:00Z,2026-03-29T00:00:00Z,false,https://www.roamiapp.com/colombia-esim/,page,
content/en/Ecuador-eSIM.md,,Ecuador eSIM Data Plan | Best 2026 Travel eSIM | Roami,2026-03-29T00:00:00Z,0001-01-01T00:00:00Z,2026-03-29T00:00:00Z,false,https://www.roamiapp.com/ecuador-esim/,page,
content/en/Egypt-eSIM.md,,Egypt eSIM Data Plan | Best 2026 Travel eSIM | Roami,2026-03-29T00:00:00Z,0001-01-01T00:00:00Z,2026-03-29T00:00:00Z,false,https://www.roamiapp.com/egypt-esim/,page,
content/en/Europe-eSIM.md,,Europe eSIM Data Plan | Best 2026 Travel eSIM | Roami,2026-03-29T00:00:00Z,0001-01-01T00:00:00Z,2026-03-29T00:00:00Z,false,https://www.roamiapp.com/europe-esim/,page,
content/en/Fiji-eSIM.md,,Fiji eSIM Data Plan | Best 2026 Travel eSIM | Roami,2026-03-29T00:00:00Z,0001-01-01T00:00:00Z,2026-03-29T00:00:00Z,false,https://www.roamiapp.com/fiji-esim/,page,
content/en/France-eSIM.md,,France eSIM Data Plan | Best 2026 Travel eSIM | Roami,2026-03-29T00:00:00Z,0001-01-01T00:00:00Z,2026-03-29T00:00:00Z,false,https://www.roamiapp.com/france-esim/,page,
content/en/Germany-eSIM.md,,Germany eSIM Data Plan | Best 2026 Travel eSIM | Roami,2026-03-29T00:00:00Z,0001-01-01T00:00:00Z,2026-03-29T00:00:00Z,false,https://www.roamiapp.com/germany-esim/,page,
content/en/Ghana-eSIM.md,,Ghana eSIM Data Plan | Best 2026 Travel eSIM | Roami,2026-03-29T00:00:00Z,0001-01-01T00:00:00Z,2026-03-29T00:00:00Z,false,https://www.roamiapp.com/ghana-esim/,page,
content/en/Greece-eSIM.md,,Greece eSIM Data Plan | Best 2026 Travel eSIM | Roami,2026-03-29T00:00:00Z,0001-01-01T00:00:00Z,2026-03-29T00:00:00Z,false,https://www.roamiapp.com/greece-esim/,page,
content/en/Hong-Kong-eSIM.md,,Hong Kong eSIM Data Plan | Best 2026 Travel eSIM | Roami,2026-03-29T00:00:00Z,0001-01-01T00:00:00Z,2026-03-29T00:00:00Z,false,https://www.roamiapp.com/hong-kong-esim/,page,
content/en/Hungary-eSIM.md,,Hungary eSIM Data Plan | Best 2026 Travel eSIM | Roami,2026-03-29T00:00:00Z,0001-01-01T00:00:00Z,2026-03-29T00:00:00Z,false,https://www.roamiapp.com/hungary-esim/,page,
content/en/India-eSIM.md,,India eSIM Data Plan | Best 2026 Travel eSIM | Roami,2026-03-29T00:00:00Z,0001-01-01T00:00:00Z,2026-03-29T00:00:00Z,false,https://www.roamiapp.com/india-esim/,page,
content/en/Indonesia-eSIM.md,,Indonesia eSIM Data Plan | Best 2026 Travel eSIM | Roami,2026-03-29T00:00:00Z,0001-01-01T00:00:00Z,2026-03-29T00:00:00Z,false,https://www.roamiapp.com/indonesia-esim/,page,
content/en/Ireland-eSIM.md,,Ireland eSIM Data Plan | Best 2026 Travel eSIM | Roami,2026-03-29T00:00:00Z,0001-01-01T00:00:00Z,2026-03-29T00:00:00Z,false,https://www.roamiapp.com/ireland-esim/,page,
content/en/Italy-eSIM.md,,Italy eSIM Data Plan | Best 2026 Travel eSIM | Roami,2026-03-29T00:00:00Z,0001-01-01T00:00:00Z,2026-03-29T00:00:00Z,false,https://www.roamiapp.com/italy-esim/,page,
content/en/Ivory-Coast-eSIM.md,,Ivory Coast eSIM Data Plan | Best 2026 Travel eSIM | Roami,2026-03-29T00:00:00Z,0001-01-01T00:00:00Z,2026-03-29T00:00:00Z,false,https://www.roamiapp.com/ivory-coast-esim/,page,
content/en/Japan-eSIM.md,,Japan eSIM Data Plan | Best 2026 Travel eSIM | Roami,2026-03-29T00:00:00Z,0001-01-01T00:00:00Z,2026-03-29T00:00:00Z,false,https://www.roamiapp.com/japan-esim/,page,
content/en/Kenya-eSIM.md,,Kenya eSIM Data Plan | Best 2026 Travel eSIM | Roami,2026-03-29T00:00:00Z,0001-01-01T00:00:00Z,2026-03-29T00:00:00Z,false,https://www.roamiapp.com/kenya-esim/,page,
content/en/Malaysia-eSIM.md,,Malaysia eSIM Data Plan | Best 2026 Travel eSIM | Roami,2026-03-29T00:00:00Z,0001-01-01T00:00:00Z,2026-03-29T00:00:00Z,false,https://www.roamiapp.com/malaysia-esim/,page,
content/en/Mexico-eSIM.md,,Mexico eSIM Data Plan | Best 2026 Travel eSIM | Roami,2026-03-29T00:00:00Z,0001-01-01T00:00:00Z,2026-03-29T00:00:00Z,false,https://www.roamiapp.com/mexico-esim/,page,
content/en/Morocco-eSIM.md,,Morocco eSIM Data Plan | Best 2026 Travel eSIM | Roami,2026-03-29T00:00:00Z,0001-01-01T00:00:00Z,2026-03-29T00:00:00Z,false,https://www.roamiapp.com/morocco-esim/,page,
content/en/Netherlands-eSIM.md,,Netherlands eSIM Data Plan | Best 2026 Travel eSIM | Roami,2026-03-29T00:00:00Z,0001-01-01T00:00:00Z,2026-03-29T00:00:00Z,false,https://www.roamiapp.com/netherlands-esim/,page,
content/en/New-Zealand-eSIM.md,,New Zealand eSIM Data Plan | Best 2026 Travel eSIM | Roami,2026-03-29T00:00:00Z,0001-01-01T00:00:00Z,2026-03-29T00:00:00Z,false,https://www.roamiapp.com/new-zealand-esim/,page,
content/en/North-America-eSIM.md,,North America eSIM Data Plan | Best 2026 Travel eSIM | Roami,2026-03-29T00:00:00Z,0001-01-01T00:00:00Z,2026-03-29T00:00:00Z,false,https://www.roamiapp.com/north-america-esim/,page,
content/en/Pakistan-eSIM.md,,Pakistan eSIM Data Plan | Best 2026 Travel eSIM | Roami,2026-03-29T00:00:00Z,0001-01-01T00:00:00Z,2026-03-29T00:00:00Z,false,https://www.roamiapp.com/pakistan-esim/,page,
content/en/Panama-eSIM.md,,Panama eSIM Data Plan | Best 2026 Travel eSIM | Roami,2026-03-29T00:00:00Z,0001-01-01T00:00:00Z,2026-03-29T00:00:00Z,false,https://www.roamiapp.com/panama-esim/,page,
content/en/Paraguay-eSIM.md,,Paraguay eSIM Data Plan | Best 2026 Travel eSIM | Roami,2026-03-29T00:00:00Z,0001-01-01T00:00:00Z,2026-03-29T00:00:00Z,false,https://www.roamiapp.com/paraguay-esim/,page,
content/en/Peru-eSIM.md,,Peru eSIM Data Plan | Best 2026 Travel eSIM | Roami,2026-03-29T00:00:00Z,0001-01-01T00:00:00Z,2026-03-29T00:00:00Z,false,https://www.roamiapp.com/peru-esim/,page,
content/en/Philippines-eSIM.md,,Philippines eSIM Data Plan | Best 2026 Travel eSIM | Roami,2026-03-29T00:00:00Z,0001-01-01T00:00:00Z,2026-03-29T00:00:00Z,false,https://www.roamiapp.com/philippines-esim/,page,
content/en/Poland-eSIM.md,,Poland eSIM Data Plan | Best 2026 Travel eSIM | Roami,2026-03-29T00:00:00Z,0001-01-01T00:00:00Z,2026-03-29T00:00:00Z,false,https://www.roamiapp.com/poland-esim/,page,
content/en/Portugal-eSIM.md,,Portugal eSIM Data Plan | Best 2026 Travel eSIM | Roami,2026-03-29T00:00:00Z,0001-01-01T00:00:00Z,2026-03-29T00:00:00Z,false,https://www.roamiapp.com/portugal-esim/,page,
content/en/Russia-eSIM.md,,Russia eSIM Data Plan | Best 2026 Travel eSIM | Roami,2026-03-29T00:00:00Z,0001-01-01T00:00:00Z,2026-03-29T00:00:00Z,false,https://www.roamiapp.com/russia-esim/,page,
content/en/Saudi-Arabia-eSIM.md,,Saudi Arabia eSIM Data Plan | Best 2026 Travel eSIM | Roami,2026-03-29T00:00:00Z,0001-01-01T00:00:00Z,2026-03-29T00:00:00Z,false,https://www.roamiapp.com/saudi-arabia-esim/,page,
content/en/Singapore-eSIM.md,,Singapore eSIM Data Plan | Best 2026 Travel eSIM | Roami,2026-03-29T00:00:00Z,0001-01-01T00:00:00Z,2026-03-29T00:00:00Z,false,https://www.roamiapp.com/singapore-esim/,page,
content/en/South-Africa-eSIM.md,,South Africa eSIM Data Plan | Best 2026 Travel eSIM | Roami,2026-03-29T00:00:00Z,0001-01-01T00:00:00Z,2026-03-29T00:00:00Z,false,https://www.roamiapp.com/south-africa-esim/,page,
content/en/South-Korea-eSIM.md,,South Korea eSIM Data Plan | Best 2026 Travel eSIM | Roami,2026-03-29T00:00:00Z,0001-01-01T00:00:00Z,2026-03-29T00:00:00Z,false,https://www.roamiapp.com/south-korea-esim/,page,
content/en/Southeast-Asia-eSIM.md,,Southeast Asia eSIM Data Plan | Best 2026 Travel eSIM | Roami,2026-03-29T00:00:00Z,0001-01-01T00:00:00Z,2026-03-29T00:00:00Z,false,https://www.roamiapp.com/southeast-asia-esim/,page,
content/en/Spain-eSIM.md,,Spain eSIM Data Plan | Best 2026 Travel eSIM | Roami,2026-03-29T00:00:00Z,0001-01-01T00:00:00Z,2026-03-29T00:00:00Z,false,https://www.roamiapp.com/spain-esim/,page,
content/en/Switzerland-eSIM.md,,Switzerland eSIM Data Plan | Best 2026 Travel eSIM | Roami,2026-03-29T00:00:00Z,0001-01-01T00:00:00Z,2026-03-29T00:00:00Z,false,https://www.roamiapp.com/switzerland-esim/,page,
content/en/Taiwan-eSIM.md,,Taiwan eSIM Data Plan | Best 2026 Travel eSIM | Roami,2026-03-29T00:00:00Z,0001-01-01T00:00:00Z,2026-03-29T00:00:00Z,false,https://www.roamiapp.com/taiwan-esim/,page,
content/en/Tanzania-eSIM.md,,Tanzania eSIM Data Plan | Best 2026 Travel eSIM | Roami,2026-03-29T00:00:00Z,0001-01-01T00:00:00Z,2026-03-29T00:00:00Z,false,https://www.roamiapp.com/tanzania-esim/,page,
content/en/Thailand-eSIM.md,,Thailand eSIM Data Plan | Best 2026 Travel eSIM | Roami,2026-03-29T00:00:00Z,0001-01-01T00:00:00Z,2026-03-29T00:00:00Z,false,https://www.roamiapp.com/thailand-esim/,page,
content/en/Tunisia-eSIM.md,,Tunisia eSIM Data Plan | Best 2026 Travel eSIM | Roami,2026-03-29T00:00:00Z,0001-01-01T00:00:00Z,2026-03-29T00:00:00Z,false,https://www.roamiapp.com/tunisia-esim/,page,
content/en/Turkey-eSIM.md,,Turkey eSIM Data Plan | Best 2026 Travel eSIM | Roami,2026-03-29T00:00:00Z,0001-01-01T00:00:00Z,2026-03-29T00:00:00Z,false,https://www.roamiapp.com/turkey-esim/,page,
content/en/UAE-eSIM.md,,UAE eSIM Data Plan | Best 2026 Travel eSIM | Roami,2026-03-29T00:00:00Z,0001-01-01T00:00:00Z,2026-03-29T00:00:00Z,false,https://www.roamiapp.com/uae-esim/,page,
content/en/United-Arab-Emirates-eSIM.md,,United Arab Emirates eSIM Data Plan | Best 2026 Travel eSIM | Roami,2026-03-29T00:00:00Z,0001-01-01T00:00:00Z,2026-03-29T00:00:00Z,false,https://www.roamiapp.com/united-arab-emirates-esim/,page,
content/en/United-Kingdom-eSIM.md,,United Kingdom eSIM Data Plan | Best 2026 Travel eSIM | Roami,2026-03-29T00:00:00Z,0001-01-01T00:00:00Z,2026-03-29T00:00:00Z,false,https://www.roamiapp.com/united-kingdom-esim/,page,
content/en/Uruguay-eSIM.md,,Uruguay eSIM Data Plan | Best 2026 Travel eSIM | Roami,2026-03-29T00:00:00Z,0001-01-01T00:00:00Z,2026-03-29T00:00:00Z,false,https://www.roamiapp.com/uruguay-esim/,page,
content/en/United-States-eSIM.md,,USA eSIM Data Plan | Best 2026 Travel eSIM | Roami,2026-03-29T00:00:00Z,0001-01-01T00:00:00Z,2026-03-29T00:00:00Z,false,https://www.roamiapp.com/united-states-esim/,page,
content/en/USA-eSIM.md,,USA eSIM Data Plan | Best 2026 Travel eSIM | Roami,2026-03-29T00:00:00Z,0001-01-01T00:00:00Z,2026-03-29T00:00:00Z,false,https://www.roamiapp.com/usa-esim/,page,
content/en/Vietnam-eSIM.md,,Vietnam eSIM Data Plan | Best 2026 Travel eSIM | Roami,2026-03-29T00:00:00Z,0001-01-01T00:00:00Z,2026-03-29T00:00:00Z,false,https://www.roamiapp.com/vietnam-esim/,page,
content/en/about-us.md,,About Us - Roami eSIM | Global Connectivity Expert,0001-01-01T00:00:00Z,0001-01-01T00:00:00Z,0001-01-01T00:00:00Z,false,https://www.roamiapp.com/about-us/,page,
content/en/contact.md,,Contact Us,0001-01-01T00:00:00Z,0001-01-01T00:00:00Z,0001-01-01T00:00:00Z,false,https://www.roamiapp.com/contact/,page,
content/en/compatibility.md,,eSIM Compatible Phones List 2026 ,0001-01-01T00:00:00Z,0001-01-01T00:00:00Z,0001-01-01T00:00:00Z,false,https://www.roamiapp.com/compatibility/,page,
content/en/plans - 副本.md,,Plans,0001-01-01T00:00:00Z,0001-01-01T00:00:00Z,0001-01-01T00:00:00Z,false,https://www.roamiapp.com/plans---%E5%89%AF%E6%9C%AC/,page,
content/en/plans.md,,Plans,0001-01-01T00:00:00Z,0001-01-01T00:00:00Z,0001-01-01T00:00:00Z,false,https://www.roamiapp.com/plans/,page,
content/en/privacy.md,,Privacy Policy,0001-01-01T00:00:00Z,0001-01-01T00:00:00Z,0001-01-01T00:00:00Z,false,https://www.roamiapp.com/privacy/,page,
content/en/terms.md,,Terms of Service,0001-01-01T00:00:00Z,0001-01-01T00:00:00Z,0001-01-01T00:00:00Z,false,https://www.roamiapp.com/terms/,page,
